category,category_key,name_en,fob_cny,fob_usd,weight_kg,moq,lead_days
Home fragrance & diffusers,home-fragrance,Reed diffuser set — flameless room fragrance,16,2.24,0.45,24,5
Home fragrance & diffusers,home-fragrance,Wood-tone flameless aroma ornament,13.8,1.93,0.3,48,5
Home fragrance & diffusers,home-fragrance,Gardenia flameless room fragrance,5.58,0.78,0.3,48,5
Home fragrance & diffusers,home-fragrance,Budget room fragrance set (LF558),2.1,0.29,0.15,100,5
Home fragrance & diffusers,home-fragrance,Wardrobe scented sachets — anti-moth,6.2,0.87,0.05,200,5
Home fragrance & diffusers,home-fragrance,Car fragrance beads & hanging tablets,12,1.68,0.12,100,5
Home fragrance & diffusers,home-fragrance,Room air-freshener diffuser oil,12.5,1.75,0.35,48,5
Home fragrance & diffusers,home-fragrance,AMBAR imported European reed diffuser,76.56,10.71,0.9,12,7
Home fragrance & diffusers,home-fragrance,Indian sandalwood cone incense + burner,15,2.1,0.25,48,5
Home fragrance & diffusers,home-fragrance,Maike Coco soft home fragrance series,34.5,4.83,0.5,24,5
Home fragrance & diffusers,home-fragrance,500ml China-chic reed diffuser (gift box),39,5.45,0.7,24,7
Home fragrance & diffusers,home-fragrance,Room air-freshener diffuser oil (supplier B),12.5,1.75,0.35,48,5
Home fragrance & diffusers,home-fragrance,Living-room aroma bottle w/ rattan sticks,14.5,2.03,0.4,48,5
Home fragrance & diffusers,home-fragrance,Flameless bedroom diffuser oil,8.8,1.23,0.3,60,5
Home fragrance & diffusers,home-fragrance,Solid fragrance balm — car & home,4.5,0.63,0.08,200,5
Home fragrance & diffusers,home-fragrance,Wardrobe scented wax tablets (gift box),47,6.57,0.4,24,7
Home fragrance & diffusers,home-fragrance,Car air freshener — flameless oil,7,0.98,0.15,100,5
Home fragrance & diffusers,home-fragrance,Tea-scent flameless fragrance liquid,6,0.84,0.25,100,5
Home fragrance & diffusers,home-fragrance,Dried-flower reed diffuser set,13.5,1.89,0.45,24,5
Home fragrance & diffusers,home-fragrance,Mini incense sticks box — long-lasting,1.73,0.24,0.05,300,5
Ramadan & Eid seasonal,seasonal,Ramadan crescent lantern (laser-cut),5.3,0.74,0.25,100,7
Ramadan & Eid seasonal,seasonal,Ramadan & Eid atmosphere string lights,7,0.98,0.15,100,7
Ramadan & Eid seasonal,seasonal,Ramadan candle lamp — table centerpiece,17.39,2.43,0.3,100,7
Ramadan & Eid seasonal,seasonal,Ramadan book lamp / hand-held lantern gift,9.5,1.33,0.25,100,7
Ramadan & Eid seasonal,seasonal,Ramadan star & moon LED string lights,2.5,0.35,0.08,200,7
Ramadan & Eid seasonal,seasonal,Moon-and-star curtain lights (LED),17,2.38,0.3,100,7
Ramadan & Eid seasonal,seasonal,Mini star-moon curtain string lights,4,0.56,0.1,200,7
Ramadan & Eid seasonal,seasonal,Waterproof icicle curtain lights,11.8,1.65,0.25,100,7
Ramadan & Eid seasonal,seasonal,Dual-color star & moon light (24 LEDs),20,2.8,0.2,100,7
Ramadan & Eid seasonal,seasonal,20-LED star & moon decorative lights,6,0.84,0.1,200,7
Ramadan & Eid seasonal,seasonal,Star & moon lantern light,8,1.12,0.12,200,7
Ramadan & Eid seasonal,seasonal,Mini star & moon light,3,0.42,0.08,300,7
Ramadan & Eid seasonal,seasonal,Solar curtain lights — outdoor / camping,17.99,2.52,0.3,100,7
Ramadan & Eid seasonal,seasonal,Warm star & moon string lights,20,2.8,0.2,100,7
Ramadan & Eid seasonal,seasonal,Muslim prayer beads — 33 pcs,1,0.14,0.03,300,5
Ramadan & Eid seasonal,seasonal,Muslim acrylic light sign (gift),33,4.62,0.4,50,7
Ramadan & Eid seasonal,seasonal,Ramadan Muslim wall art (hanging),2,0.28,0.1,200,5
Ramadan & Eid seasonal,seasonal,RAMADAN wooden moon ornament,17.8,2.49,0.35,100,7
Ramadan & Eid seasonal,seasonal,Gold alloy rhinestone incense burner,30,4.2,0.5,50,7
Ramadan & Eid seasonal,seasonal,Rhinestone brooch — gift accessory,5,0.7,0.03,200,5
Hijab accessories & jewelry,fashion,"Hijab pin set — 20 pcs, camellia design",7.2,1.01,0.06,200,5
Hijab accessories & jewelry,fashion,Crystal pear-shaped hijab pin,3.5,0.49,0.03,300,5
Hijab accessories & jewelry,fashion,Printed silk-feel square scarf,5.5,0.77,0.1,100,5
Hijab accessories & jewelry,fashion,Crystal pear hijab pin (supplier B),7.5,1.05,0.03,300,5
Hijab accessories & jewelry,fashion,Cotton-linen sun scarf / beach shawl,15,2.1,0.15,100,7
Hijab accessories & jewelry,fashion,Gradient leopard chiffon shawl,15,2.1,0.13,100,7
Hijab accessories & jewelry,fashion,Muslim hooded hijab cap — ethnic style,13,1.82,0.1,100,7
Hijab accessories & jewelry,fashion,Floral spring neck scarf,9,1.26,0.08,100,5
Hijab accessories & jewelry,fashion,Long solid-color Muslim chiffon hijab,5,0.7,0.1,100,5
Hijab accessories & jewelry,fashion,Premium summer scarf / beach shawl,58,8.11,0.15,50,7
Hijab accessories & jewelry,fashion,Arabic hijab w/ visor & star-moon chain,19,2.66,0.15,50,7
Hijab accessories & jewelry,fashion,Malaysian rhinestone pearl chiffon hijab,30,4.2,0.18,50,7
Hijab accessories & jewelry,fashion,Satin knit shawl — green tones,6,0.84,0.12,100,5
Hijab accessories & jewelry,fashion,Jamaica-print breathable chiffon shawl,11,1.54,0.1,100,5
Hijab accessories & jewelry,fashion,Herringbone knit sun scarf,18,2.52,0.15,100,7
Hijab accessories & jewelry,fashion,Lace triangle scarf / hairband (Korean style),46,6.43,0.12,50,7
Hijab accessories & jewelry,fashion,Hijab magnetic clasps — PVC (1000 pcs),0.5,0.07,0.01,1000,5
Hijab accessories & jewelry,fashion,Adjustable metal magnetic clasps,0.3,0.04,0.01,1000,5
Hijab accessories & jewelry,fashion,Strong magnetic snap buttons,1,0.14,0.01,1000,5
Hijab accessories & jewelry,fashion,Magnetic hidden buttons — bags & apparel,1,0.14,0.01,1000,5
Phone & car accessories,tech,Magnetic aluminium car phone mount,1.21,0.17,0.09,200,5
Phone & car accessories,tech,Suction-cup extendable phone holder,4,0.56,0.15,100,5
Phone & car accessories,tech,Telescopic car phone mount,8,1.12,0.2,100,5
Phone & car accessories,tech,Dashboard car phone stand,22,3.08,0.3,100,5
Phone & car accessories,tech,CH06 suction windshield extendable mount,13,1.82,0.25,100,5
Phone & car accessories,tech,Vent mount + cup holder 2-in-1,11,1.54,0.2,100,5
Phone & car accessories,tech,Budget vent-clip phone mount,1,0.14,0.06,300,5
Phone & car accessories,tech,Gravity dashboard mount — rotating,13.2,1.85,0.25,100,5
Phone & car accessories,tech,Premium interior car phone mount,44,6.15,0.35,50,7
Phone & car accessories,tech,Gooseneck suction car mount,8.6,1.2,0.3,100,5
Phone & car accessories,tech,Anti-slip universal car mount,9.1,1.27,0.15,100,5
Phone & car accessories,tech,Swivel dashboard / desk lazy mount,1,0.14,0.08,300,5
Phone & car accessories,tech,Vent gravity suction mount,4.3,0.6,0.12,200,5
Phone & car accessories,tech,K20 telescopic suction mount,8.2,1.15,0.22,100,5
Phone & car accessories,tech,Universal suction vent mount,4.5,0.63,0.12,200,5
Phone & car accessories,tech,RT-60R vent car phone mount,5.1,0.71,0.1,200,5
Phone & car accessories,tech,Auto-lock long-arm lazy mount,5.5,0.77,0.25,100,5
Phone & car accessories,tech,Multi-function extendable suction stand,5.7,0.8,0.18,100,5
Phone & car accessories,tech,Folding non-slip portable mount,30,4.2,0.25,50,7
Phone & car accessories,tech,Desktop lazy folding phone stand,2.45,0.34,0.15,200,5
Home & kitchen,home,Rotary drum vegetable grater & slicer,10.9,1.52,0.4,60,7
Home & kitchen,home,Multifunction vegetable slicer (4 blades),14,1.96,0.35,60,7
Home & kitchen,home,Storm chopper — kitchen essentials set,22,3.08,0.5,60,7
Home & kitchen,home,Counter-gap storage rack (non-slip),31,4.34,0.6,50,7
Home & kitchen,home,Mini kitchen gadget — household,1,0.14,0.05,300,5
Home & kitchen,home,Counter-gap storage rack (compact),10.5,1.47,0.5,60,7
Home & kitchen,home,Multi-function gap organizer rack,38,5.31,0.7,50,7
Home & kitchen,home,Multi-function chopstick cage,2.5,0.35,0.15,200,5
Home & kitchen,home,Viral shredder w/ drain basket,12,1.68,0.4,60,7
Home & kitchen,home,Extendable lid & dish rack,12.16,1.7,0.5,60,7
Home & kitchen,home,3-tier hanging storage rack,23,3.22,0.7,50,7
Home & kitchen,home,"Drum grater — slice, shred & grind",25.9,3.62,0.45,60,7
Home & kitchen,home,Dumpling wrapper press mold,2.8,0.39,0.1,200,5
Home & kitchen,home,Copper strainer / skimmer — durable,60,8.39,0.3,50,7
Home & kitchen,home,Bag sealing clips (multi-use),1.55,0.22,0.03,500,5
Home & kitchen,home,4-in-1 grater & slicer (viral),10.5,1.47,0.3,100,7
Home & kitchen,home,Mandoline slicer — 6 functions,14,1.96,0.4,60,7
Home & kitchen,home,New multifunction chopper (factory direct),32,4.48,0.6,50,7
Home & kitchen,home,Vegetable dicer — julienne & cube,34.73,4.86,0.7,50,7
Home & kitchen,home,Stainless potato & garlic shredder,18.5,2.59,0.4,60,7
Beauty tools,beauty-toys,Soft 7-pc makeup brush set,5.2,0.73,0.12,100,5
Beauty tools,beauty-toys,"8-pc makeup brush set (soft, travel)",2.2,0.31,0.1,200,5
Beauty tools,beauty-toys,XL bulb powder brush (single),10.5,1.47,0.05,200,5
Beauty tools,beauty-toys,Makeup brush organizer box,8.1,1.13,0.25,100,5
Beauty tools,beauty-toys,Powder & blush brush — black short handle,9,1.26,0.06,200,5
Beauty tools,beauty-toys,Brush cleaning & drying box,7.5,1.05,0.2,100,5
Beauty tools,beauty-toys,Flat foundation brush — no streaks,6.3,0.88,0.04,200,5
Beauty tools,beauty-toys,Silicone brush holder (self-adhesive),8.5,1.19,0.15,100,5
Beauty tools,beauty-toys,12-pc birch wood brush set (rose gold),40,5.59,0.25,50,7
Beauty tools,beauty-toys,Dual-head powder & contour brush,10,1.4,0.06,100,5
Beauty tools,beauty-toys,Rotating brush bucket w/ lid,7.8,1.09,0.3,100,5
Beauty tools,beauty-toys,Wine-glass shaped powder brush,3.99,0.56,0.04,300,5
Beauty tools,beauty-toys,No-absorb foundation brush (budget),1.79,0.25,0.03,300,5
Beauty tools,beauty-toys,12-pc colorful barrel brush set,7.5,1.05,0.3,100,5
Beauty tools,beauty-toys,Dual-head eye shadow brush,5.2,0.73,0.03,200,5
Beauty tools,beauty-toys,5-pc pro travel brush set,5.6,0.78,0.12,100,5
Beauty tools,beauty-toys,Rotating brush bucket (compact),7.2,1.01,0.3,100,5
Beauty tools,beauty-toys,Beauty blender sponge w/ box,1.4,0.2,0.02,500,5
Beauty tools,beauty-toys,Soft makeup puff sponge,1.5,0.21,0.02,500,5
Beauty tools,beauty-toys,Mushroom-head puff & sponge set,4.5,0.63,0.05,300,5
Hijab accessories & jewelry,fashion,"18K PVD gold-plated 316L stainless steel stacking ring set (5 pcs, waterproof)",16,2.24,0.05,20,7
Hijab accessories & jewelry,fashion,"18K gold-plated 316L stainless steel chunky bangle (Pintal twist, tarnish-free)",18,2.52,0.08,12,7
Hijab accessories & jewelry,fashion,"2ct moissanite solitaire ring (D color VVS, GRA cert, S925)",42,5.87,0.02,10,10
Hijab accessories & jewelry,fashion,"Moissanite tennis bracelet (full ice-out, 316L, GRA stones)",55,7.69,0.03,10,12
Hijab accessories & jewelry,fashion,"1ct moissanite stud earrings (D color VVS pair, S925)",22,3.08,0.01,20,10
Hijab accessories & jewelry,fashion,Gold-plated layered necklace with cubic zirconia accent (hijab-friendly),12,1.68,0.02,30,7
Beauty tools,beauty-toys,"7-color LED light therapy face mask (silicone, USB rechargeable)",58,8.11,0.25,30,12
Beauty tools,beauty-toys,3-in-1 EMS neck & face firming massager (heat + vibration),24,3.36,0.15,50,10
Beauty tools,beauty-toys,"Stainless steel ice roller & gua sha set (de-puff, cooling)",9,1.26,0.1,100,7
Beauty tools,beauty-toys,"Electric scalp massager (waterproof, hair & relaxation)",18,2.52,0.12,50,10
Plus-size & modest fashion,modest-fashion,Modern two-piece abaya set — 7801-5 (free size),185.0,25.87,1.2,5,7
Plus-size & modest fashion,modest-fashion,Modern two-piece abaya set — 8676-9 (free size),204.4,28.59,1.2,5,7
Plus-size & modest fashion,modest-fashion,Modern two-piece abaya set — 9850-1 (free size),165.5,23.15,1.1,5,7
Plus-size & modest fashion,modest-fashion,Modern two-piece abaya set — 9826-1 (free size),165.5,23.15,1.1,5,7
Plus-size & modest fashion,modest-fashion,In-stock abaya style — 334-805 (XL/XXL),88,12.31,0.6,10,5
Plus-size & modest fashion,modest-fashion,In-stock abaya style — 228-701 (L/XL),97,13.57,0.6,10,5
Plus-size & modest fashion,modest-fashion,In-stock abaya style — 228-706 (Free),100,13.99,0.6,10,5
Home & kitchen,home,Arabic brass candle holder — CQ25 series,7.73,1.08,0.4,100,10
Home & kitchen,home,Bakhoor incense burner — K81385 series,15.45,2.16,0.3,100,10
Home & kitchen,home,Muslim prayer mat — HT-44,11.59,1.62,0.4,100,10
Home & kitchen,home,Transparent serving tray — 3-piece set,26.65,3.73,0.5,100,10
Home & kitchen,home,Glass fruit basket — BLGL series,39.99,5.59,0.6,50,10
Ramadan & Eid seasonal,seasonal,Ramadan tray & jar gift set,46.35,6.48,1.0,50,12
Home fragrance & diffusers,home-fragrance,Gulf aroma oil — DY2408,12.62,1.77,0.2,100,7
Home fragrance & diffusers,home-fragrance,12-piece essential-oil gift set,29.61,4.14,0.5,50,7
Phone & car accessories,tech,"LED silicone pet collar (70cm, rechargeable)",8.5,1.19,0.1,3000,12
Phone & car accessories,tech,Pet flashing safety collar,4.5,0.63,0.08,10000,12
Phone & car accessories,tech,Heart-shape pet flashing light,3.3,0.46,0.05,5000,12
Home & kitchen,home,Vacuum-compressed modular sofa (flat-pack shipping),850,118.88,15,10,20
Plus-size & modest fashion,modest-fashion,In-stock abaya style — 7980-1 (Free size),97,13.57,0.6,10,5
